event_name,location,city,date,event_link
Plant fair „Aš sodinu“,Litexpo,Vilnius,2026-10-10,https://www.litexpo.lt/en/events/plant-fair-as-sodinu/
TASTE VILNIUS 2026,Litexpo,Vilnius,2026-10-15,https://www.litexpo.lt/en/events/taste-vilnius-horeca-2024-2/
TASTE VILNIUS 2026,Litexpo,Vilnius,2026-10-16,https://www.litexpo.lt/en/events/taste-vilnius-horeca-2024-2/
STAY HEALTHY VILNIUS 2026,Litexpo,Vilnius,2026-10-16,https://www.litexpo.lt/en/events/stay-healthy-2026/
TASTE VILNIUS 2026,Litexpo,Vilnius,2026-10-17,https://www.litexpo.lt/en/events/taste-vilnius-horeca-2024-2/
STAY HEALTHY VILNIUS 2026,Litexpo,Vilnius,2026-10-17,https://www.litexpo.lt/en/events/stay-healthy-2026/
GameOn 2026,Litexpo,Vilnius,2026-10-23,https://www.litexpo.lt/en/events/gameon-2026/
GameOn 2026,Litexpo,Vilnius,2026-10-24,https://www.litexpo.lt/en/events/gameon-2026/
BANKUCHENO SUMMIT 2026,Litexpo,Vilnius,2026-10-24,https://www.litexpo.lt/en/events/bankucheno-summit-2026/
GameOn 2026,Litexpo,Vilnius,2026-10-25,https://www.litexpo.lt/en/events/gameon-2026/
EROS 2026,Litexpo,Vilnius,2026-11-13,https://www.litexpo.lt/en/events/eros-2026/
EROS 2026,Litexpo,Vilnius,2026-11-14,https://www.litexpo.lt/en/events/eros-2026/
Gravity Techno: Holy Priest,Litexpo,Vilnius,2026-11-14,https://www.litexpo.lt/en/events/gravity-techno-holy-priest/
Gravity Techno: Holy Priest,Litexpo,Vilnius,2026-11-15,https://www.litexpo.lt/en/events/gravity-techno-holy-priest/
LiMA DAY LIETUVA’26,Litexpo,Vilnius,2026-11-19,https://www.litexpo.lt/en/events/lima-day-lietuva26/
Atsakinga tėvystė 2026,Litexpo,Vilnius,2026-11-21,https://www.litexpo.lt/en/events/atsakinga-tevyste-2026/
KALĖDINIS POP-UP,Litexpo,Vilnius,2026-11-21,https://www.litexpo.lt/en/events/kaledinis-pop-up-en/
Vilnius Book Fair 2027,Litexpo,Vilnius,2027-09-16,https://www.litexpo.lt/en/events/vilnius-book-fair-2027/
Vilnius Book Fair 2027,Litexpo,Vilnius,2027-09-17,https://www.litexpo.lt/en/events/vilnius-book-fair-2027/
Vilnius Book Fair 2027,Litexpo,Vilnius,2027-09-18,https://www.litexpo.lt/en/events/vilnius-book-fair-2027/
Vilnius Book Fair 2027,Litexpo,Vilnius,2027-09-19,https://www.litexpo.lt/en/events/vilnius-book-fair-2027/
